"Climate Change","Adaptation (Adaptive Capacity)","Amount of financial resources allocated to adaptation","Output"
"Climate Change","Adaptation (Adaptive Capacity)","Existence and effectiveness of national and local coordination mechanisms on adaptation","Output"
"Climate Change","Adaptation (Adaptive Capacity)","Number of climate change risk and vulnerability assessments (including national and local levels)","Output"
"Climate Change","Adaptation (Adaptive Capacity)","Number of conflicts over access to natural resources","Outcome"
"Climate Change","Adaptation (Adaptive Capacity)","Proportion of sectoral policies and plans that incorporate analysis of risk and adaptation","Output"
"Climate Change","Adaptation (Adaptive Capacity)","Proportion of staff working on adaptation with technical expertise in adaptation","Output"
"Climate Change","Forestry","Allocation of property rights","Output"
"Climate Change","Forestry","Annual growth (or percentage change) in household income from forest related activities","Outcome"
"Climate Change","Forestry","Area of forest under sustainable forest management (hectares)","Outcome"
"Climate Change","Forestry","Business practices that promote products from legal and sustainable sources","Outcome"
"Climate Change","Forestry","Change in Agro-Forestry (Bio-physical)","Output"
"Climate Change","Forestry","Change in Forest Area (Bio-physical)","Output"
"Climate Change","Forestry","Change in the area of natural forests/indigenous woodlands (Bio-phyiscal)","Output"
"Climate Change","Forestry","Employment in forestry related activities (full time equivalents)","Output"
"Climate Change","Forestry","Extent to which local rules and norms for harvesting exist and are enforced","Output"
"Climate Change","Forestry","Extent to which rules on access and benefit sharing followed (Governance)","Output"
"Climate Change","Forestry","Growing stock per hectare (m3/ha)","Outcome"
"Climate Change","Forestry","Household income from forests/woodlands","Output"
"Climate Change","Forestry","Mechanism for conflict resolution exists (Governance)","Output"
"Climate Change","Forestry","Mechanism to share concession/other revenue agreed (Governance)","Output"
"Climate Change","Forestry","National and local rules and norms for harvesting exist and are enforced","Output"
"Climate Change","Forestry","Number of forest/woodland dependent jobs (Livelihoods)","Output"
"Climate Change","Forestry","Number of illegally issued timber contracts (Governance)","Output"
"Climate Change","Forestry","Percentage of communities aware of the activities of forestry services in their area","Output"
"Climate Change","Forestry","Percentage of communities involved in sustainable forest management","Output"
"Climate Change","Forestry","Percentage of communities planning to expand an area under sustainable forest management","Output"
"Climate Change","Forestry","Proportion (percentage) of land covered by forest","Outcome"
"Climate Change","Forestry","Proportion of total household income from forests/woodlands (Livelihoods)","Output"
"Climate Change","Forestry","Rules on access and benefit sharing followed","Output"
"Climate Change","Forestry","Total household income from forests/woodlands (Livelihoods)","Output"
"Climate Change","Forestry","Total value of forest/woodland dependent jobs per annum.","Output"
"Climate Change","Forestry","Value of forest/woodland dependent jobs (Livelihoods)","Output"
"Climate Change","Forestry","Value of illegally harvested timber confiscated (Governance)","Output"
"Climate Change","Forestry","Value of illegally issued timber contracts (Governance)","Output"
"Climate Change","Forestry","Value of Non Timber Forested Products","Output"
"Climate Change","Forestry","Value of removals of wood and non wood products (selected currency)","Output"
"Climate Change","Forestry","Value of services from forests (selected currency)","Output"
"Climate Change","Forestry","Value of timber harvested","Output"
"Climate Change","Forestry","Volume of illegally harvested timber confiscated (Governance)","Output"
"Climate Change","Forestry","Volume of timber harvested","Output"
"Climate Change","Reducing Vulnerability","Existence and coverage of early warning for key hazards","Output"
"Climate Change","Reducing Vulnerability","Existence of policy framework for risk reduction","Output"
"Climate Change","Reducing Vulnerability","Number of disaster preparedness plans and contingency plans at all administrative levels and all organisations","Output"
"Climate Change","Reducing Vulnerability","Percentage of school children who are aware of key risks from climate change","Output"
"Climate Change","Reducing Vulnerability","Proportion of social protection programmes incorporating adaptation","Output"
"Climate Change","Renewable Energy","Gender equality: Percentage new jobs occupied by women","Output"
"Climate Change","Renewable Energy","High value job creation: Percentage of jobs created with a salary >40 Percent GDP per capita","Output"
"Climate Change","Renewable Energy","Access to communications: Percentage of remote households with access to mobile communications","Output"
"Climate Change","Renewable Energy","Access to energy: Percentage change in rural electrification","Output"
"Climate Change","Renewable Energy","Air quality: Particulates, NOx and SOx emissions (kg/MWh)","Output"
"Climate Change","Renewable Energy","Breakdown of Energy exports","Output"
"Climate Change","Renewable Energy","Breakdown of energy imports and the costs of imports","Output"
"Climate Change","Renewable Energy","Electricity consumption per capita","Output"
"Climate Change","Renewable Energy","Electrification rate (Percentage of population with access to electricity)","Output"
"Climate Change","Renewable Energy","Employment sector development: Percentage of total energy sector employment working in renewable energy","Output"
"Climate Change","Renewable Energy","Energy efficiency - GDP per unit of energy use (PPP, US$ per kg of oil equivalent)","Output"
"Climate Change","Renewable Energy","Fresh water consumption: m3/MWh","Output"
"Climate Change","Renewable Energy","Greenhouse gas emissions: tCO2e/£m","Output"
"Climate Change","Renewable Energy","Greenhouse gas emissions: tCO2e/MWh","Output"
"Climate Change","Renewable Energy","Household expenditure: cost of electricity delivered £/MWh","Output"
"Climate Change","Renewable Energy","Indoor Air quality: % of dwellings meeting WHO indoor air quality guidelines","Output"
"Climate Change","Renewable Energy","Indoor Air Quality: Percentage of dwellings meeting WHO indoor air quality guidelines","Output"
"Climate Change","Renewable Energy","Level of Subsidies for fossil fuels","Output"
"Climate Change","Renewable Energy","Low Carbon economic growth as a proportion of total economic growth","Outcome"
"Climate Change","Renewable Energy","Number of households provided with new/improved access to basic electricity supply","Output"
"Climate Change","Renewable Energy","Percentage change in renewables on the grid","Output"
"Climate Change","Renewable Energy","Percentage change in rural electrification","Output"
"Climate Change","Renewable Energy","Percentage decrease in time spent sourcing fuel","Output"
"Climate Change","Renewable Energy","Percentage of average household income spent on energy","Output"
"Climate Change","Renewable Energy","Percentage of female headed households with access to electricity","Output"
"Climate Change","Renewable Energy","Percentage of households sourcing energy (e.g firewood) from sustainable sources","Output"
"Climate Change","Renewable Energy","Population without access to electricity","Output"
"Climate Change","Renewable Energy","Productive land take: productive land area used ha/MW","Output"
"Climate Change","Renewable Energy","Sectoral deployment of energy (Percentage of total energy used by economic sector)","Outcome"
"Climate Change","Renewable Energy","Security of supply: change in annual hours of electricity supply interruption","Output"
"Climate Change","Renewable Energy","Supply chain development: Value of procurement orders placed within national supply chain","Output"
"Climate Change","Renewable Energy","Total job creation: Number of jobs created / MW","Output"
"Climate Change","Renewable Energy","Total land take: ha/MW","Output"
"Broad Sector ","Subsector ","Indicator ","Type"
"NOTE: indicators in bold are STANDARD indicators; all others are SUGGESTED indicators",,,
"Education","Higher Education and skills","Gender parity at higher education","Outcome"
"Education","Higher Education and skills","Number of students enrolled in tertiary education per 100,000 inhabitants","Outcome"
"Education","Higher Education and skills","Percentage distribution of graduates by fields of education at tertiary level by gender","Outcome"
"Education","Information and data collection","Number of baselines or feasibility studies; monitoring plans; sector assessments; evaluations; special studies, or information gathering/research activities","Output"
"Education","Information and data collection","Number of institutions with improved Management Information Systems, as a results of assistance by sub-sector (Pri/Sec)","Output"
"Education","Information and data collection","Number of local organisations provided with technical assistance for strategic information activities","Output"
"Education","Information and data collection","Number of people trained in M&E; operational research, or other strategic information management by usb-sector (pri/sec), gender and geography","Output"
"Education","Information and data collection","Proportion of institutions that have used MIS systems information to inform administration","Outcome"
"Education","Infrastructure","Average ratio of students to classrooms","Outcome"
"Education","Infrastructure","Latrines and water facilities constructed","Output"
"Education","Infrastructure","Number of adult learning centres per 1000 adults","Outcome"
"Education","Infrastructure","Number of classrooms constructed or rehabilitated","Output"
"Education","Infrastructure","Number of parents /families under social safety net programmes","Outcome"
"Education","Infrastructure","Number of schools meeting a specified adequate ratio of students to classrooms","Outcome"
"Education","Infrastructure","Number of schools meeting adequate student/latrine ratio be gender","Outcome"
"Education","Infrastructure","Number of schools per 1000 children within 2km radius","Outcome"
"Education","Infrastructure","Percentage of schools meeting nationally defined standards for infrastructure provision","Outcome"
"Education","Infrastructure","Percentage of schools with improved access to drinking water","Outcome"
"Education","Infrastructure","Training facilities constructed and rehabilitated","Output"
"Education","Participation","Drop out rate by grade","Outcome"
"Education","Participation","Graduation/Completion rate by sub - sector (pri/sec/tert) and gender (with GPI)","Outcome"
"Education","Participation","Gross Enrolment ratio (GER) by sub- sector (pri/ sec/tert/) , grade and gender","Outcome"
"Education","Participation","Gross Intake Ratio (GIR) in the first grade of primary","Outcome"
"Education","Participation","Gross Intake ratio in the last grade of Primary by gender- a proxy for completion rate","Outcome"
"Education","Participation","Net enrolment in primary education","Outcome"
"Education","Participation","Net Enrolment Rate (NER) by sub- sector (pri/ sec/tert/) , grade and gender (including GPI)","Outcome"
"Education","Participation","Net Intake Rate (NIR) in the first grade of primary","Outcome"
"Education","Participation","Number of pupils benefiting from school feeding programs be gender, sub sector (pre-primary/pri/sec","Output"
"Education","Participation","Number of pupils enrolled in DFID supported primary schools or equivalent non-school based setting","Output"
"Education","Participation","Number of pupils receiving scholarships by gender, sub sector (pri/sec/tert)","Output"
"Education","Participation","Over/Under Age enrolment ratio (Male/Female)","Outcome"
"Education","Participation","Percentage of private enrolment","Outcome"
"Education","Participation","Repetition rate by sub sector (pri/sec/tert), grade and gender","Outcome"
"Education","Participation","School life expectancy (SLE)","Outcome"
"Education","Participation","Survival rates by grade and gender (with GPI)","Outcome"
"Education","Participation","Transition rate from pre-primary to primary by gender (with GPI)","Outcome"
"Education","Participation","Transition rates primary to secondary by gender (with GPI)","Outcome"
"Education","Quality","Number of textbooks (or TLMs) purchased and distributed","Output"
"Education","Quality","Percentage of PSA countries with minimum standardised assessments at early grades (FTI defined)","Outcome"
"Education","Quality","Pupil:textbook ratio by sub sector (pri/sec), Geography","Outcome"
"Education","Teaching and Leadership","Number of Teachers trained","Output"
"Education","Teaching and Leadership","Percentage of female teachers by sub sector (pri/sec/tert) and geography","Outcome"
"Education","Teaching and Leadership","Percentage of teachers trained (pre-service or in-service)","Output"
"Education","Teaching and Leadership","Percentage of unfilled teaching positions by geography","Outcome"
"Education","Teaching and Leadership","Pupil:teacher ratio (PTR)","Outcome"
"Education","Teaching and Leadership","Ratio of teacher to teacher places","Outcome"
"Education","Teaching and Leadership","Teacher absenteeism (by geography)","Outcome"
"Education","Teaching and Leadership","Teacher attrition rate through retirement, health, (HIV), alternative employment (to different sub sector, to private school) by age gender and subject expertise","Outcome"
"Education","Teaching and Leadership","Teacher education/Qualification (national measure), by sub sector (pri/sec/tert) and gender","Outcome"
"Education","Teaching and Leadership","Teacher: class ratio by sub sector (pri/sec/tert) and geography","Outcome"
"Education","Teaching and Leadership","Teachers trained in-service per year (number)","Output"
"Education","Teaching and Leadership","Teachers trained pre-service to minimum qualifications and certifications requirements per year (number)","Output"
"Education","Teaching and Leadership","Trained teacher to student ratio by sub sector (pri/sec/tert), subject (especially Science) and geography","Outcome"
"Education","VfM and efficiency","Teacher teaching load in secondary","Outcome"
"Broad Sector ","Subsector ","Indicator ","Type"
"NOTE: indicators in bold are STANDARD indicators; all others are SUGGESTED indicators",,,
"Environment","Agriculture and Land Assets","Annual percentage of rural household income from forest-related activities / employment in forest-related activities","Output"
"Environment","Agriculture and Land Assets","Annual percentage of rural household income from forest-related activities / employment in forest-related activities","Output"
"Environment","Agriculture and Land Assets","Area affected by salinization and water logging (ha)","Outcome"
"Environment","Agriculture and Land Assets","Area affected by soil erosion (ha/year)","Outcome"
"Environment","Agriculture and Land Assets","Area of land affected by desertification (ha)","Outcome"
"Environment","Agriculture and Land Assets","Number of fish stocks under sustainable management","Output"
"Environment","Agriculture and Land Assets","Number of hectares under improved natural resource management practices as a result of DFID assistance","Output"
"Environment","Agriculture and Land Assets","Number of small-scale fishers (aquaculture?)","Outcome"
"Environment","Agriculture and Land Assets","Percentage of poor people (lower quartile) with access to common property resources","Output"
"Environment","Agriculture and Land Assets","Pesticide and/or fertilizer consumption","Output"
"Environment","Agriculture and Land Assets","Quantity of wetland services and products used","Output"
"Environment","Air Quality","Levels of particulates (PM10) in the air in homes","Output"
"Environment","Extractive and other polluting industries","Average household consumption of firewood/ biomass fuel","Output"
"Environment","Extractive and other polluting industries","Community consultation/ community outreach by the industries","Output"
"Environment","Extractive and other polluting industries","Country compliance with the (DFID-supported) standards developed for extractive industries","Output"
"Environment","Extractive and other polluting industries","Emission standards for two and three wheelers","Output"
"Environment","Extractive and other polluting industries","Emissions of greenhouse gases","Output"
"Environment","Extractive and other polluting industries","Extent to which undertakings of remediation work are fulfilled","Output"
"Environment","Extractive and other polluting industries","National air quality standards based on WHO air quality guidelines","Outcome"
"Environment","Extractive and other polluting industries","Social Impact and Environmental Impact Assessment procedures","Output"
"Environment","Mainstreaming Environmental Sustainability","Increased availability of environmental information / awareness of environmental sustainability","Outcome"
"Environment","Mainstreaming Environmental Sustainability","Level of funding for environmental plan at national, district or local level.","Output"
"Environment","Mainstreaming Environmental Sustainability","Number (%) of people receiving DFID-supported training in natural resources management (or improved agricultural/ fishing practices or biodiversity conservation)","Output"
"Environment","Mainstreaming Environmental Sustainability","Number of DFID-assisted civil society organizations (CSO) that engage in advocacy and/or watchdog functions relating to environmental sustainability (or that increase public participation in environmental decision-making)","Outcome"
"Environment","Mainstreaming Environmental Sustainability","Number of farmers and fishers (relevant others) who adopt improved agricultural/fishing practices (or otherwise take environmental sustainability into consideration in their daily activities?)","Output"
"Environment","Mainstreaming Environmental Sustainability","Number of government plans valuing natural resources assets and factoring values into national planning and budgeting processes","Output"
"Environment","Mainstreaming Environmental Sustainability","Number of NGO/CSO environmental lobbying networks engaged in political influencing","Output"
"Environment","Mainstreaming Environmental Sustainability","Number of policies, laws, International Agreements or regulations promoting sustainable natural resource management and conservation that are implemented as a result of DFID assistance","Outcome"
"Environment","Overarching","Annual rural household income split between agricultural/ non-agricultural activity (percentage)","Output"
"Environment","Overarching","Changes in ecosystem integrity","Output"
"Environment","Overarching","Changes in extent of ecosystems (forests, wetlands and mangroves etc)","Output"
"Environment","Overarching","Community participation in natural resource management / community-based natural resource management plans","Output"
"Environment","Overarching","National Index of Biodiversity","Outcome"
"Environment","Overarching","Number of national and local policies that support biodiversity conservation and natural resources management implemented (and enforced?)","Output"
"Environment","Overarching","Percentage change in women farmers with secure land tenure","Outcome"
"Environment","Overarching","Percentage of areas under sustainable management","Output"
"Environment","Overarching","Percentage of human induced ecosystem failure","Outcome"
"Environment","Overarching","Proportion of goods and services derived from environmentally sustainable sources","Outcome"
"Environment","Overarching","Proportion of people living in environmentally fragile areas (or Changes in occupation of communities resulting from environmental fragility)","Outcome"
"Environment","Overarching","Valuation of ecosystem services","Outcome"
"Environment","Water Quality Improvement","Biological/Chemical Oxygen Demand levels in rivers and lakes.","Outcome"
"Environment","Water Quality Improvement","Dissolved Oxygen","Outcome"
"Environment","Water Quality Improvement","Industrial & agricultural sources of water pollutants (can include the parameters: heavy metals, toxic chemicals, phosphorus, nitrogen, oil) (various units)","Output"
"Environment","Water Quality Improvement","Number of Sanitary inspections","Output"
"Environment","Water Quality Improvement","Number of wastewater treatment plants","Output"
"Environment","Water Resources Management","Agricultural output from irrigation","Outcome"
"Environment","Water Resources Management","Decrease in major pollution events","Outcome"
"Environment","Water Resources Management","Effective environmental regulation in place and enforced","Output"
"Environment","Water Resources Management","Increased water security","Outcome"
"Environment","Water Resources Management","Number of joint projects (research, training, infrastructure) undertaken on waters shared by two or more countries","Output"
"Environment","Water Resources Management","Number of major water pollution events","Outcome"
"Environment","Water Resources Management","Number of transboundary watercourses managed through a ratified treaty","Output"
"Environment","Water Resources Management","Percentage increase in agricultural output from irrigation","Output"
"Environment","Water Resources Management","Percentage increase coverage in water resources monitoring networks","Output"
"Environment","Water Resources Management","Percentage increase in water stored and hydropower generated per capita by multilaterals receiving DFID support","Output"
"Environment","Water Resources Management","Percentage increase with watersheds with a management plan and committee","Output"
"Environment","Water Resources Management","Percentage of countries and transboundary basins implementing integrated water resources management and water efficiency plans","Outcome"
"Environment","Water Resources Management","Percentage of countries and transboundry basins implementing integrated water resources management plans","Output"
"Environment","Water Resources Management","Percentage of women with access to water for irrigation","Output"
"Environment","Water Resources Management","Percentage reduction in impacts from floods and droughts","Output"
"Environment","Water Resources Management","Percentage reduction in poverty from water resource management programmes","Outcome"
"Environment","Water Resources Management","Percentage women farmers with access to water for irrigation","Output"
"Environment","Water Resources Management","Political and media awareness of the need for improved water resources management","Output"
"Environment","Water Resources Management","Presence of cross-sectoral water committees in government.","Output"
"Broad Sector ","Subsector ","Indicator ","Type"
"NOTE: indicators in bold are STANDARD indicators; all others are SUGGESTED indicators",,,
"Food and Agriculture","Agricultural Research and Extension","Percentage of farmers having knowledge of a specific technology being disseminated by extension system","Output"
"Food and Agriculture","Agricultural Research and Extension","percentage of farmers trying the specific technology advice from extension systems on their farms","Output"
"Food and Agriculture","Crops","Change (percentage) in yields of major crops of the country","Outcome"
"Food and Agriculture","Crops","percentage of small scale framers who know about crop production practices (in their farms)","Output"
"Food and Agriculture","Crops","Percentage of total land are under permanent crops","Outcome"
"Food and Agriculture","Fisheries and Aquaculture","Percentage of fishing communities in contact with a fisheries officer in the last month","Output"
"Food and Agriculture","Fisheries and Aquaculture","Percentage of rural communities that constructed a fish pond in the last year","Output"
"Food and Agriculture","Fisheries and Aquaculture","Water use per unit of aquaculture production","Outcome"
"Food and Agriculture","Forestry","Annual growth (or percentage change) in household income from forest related activities","Outcome"
"Food and Agriculture","Forestry","Area of forest under sustainable forest management (hectares)","Outcome"
"Food and Agriculture","Forestry","Employment in forestry related activities (full time equivalents)","Output"
"Food and Agriculture","Forestry","Growing stock per hectare (m3/ha)","Outcome"
"Food and Agriculture","Forestry","Percentage of communities aware of the activities of forestry services in their area","Output"
"Food and Agriculture","Forestry","Percentage of communities involved in sustainable forest management","Output"
"Food and Agriculture","Forestry","Percentage of communities planning to expand an area under sustainable forest management","Output"
"Food and Agriculture","Forestry","Proportion (percentage) of land covered by forest","Outcome"
"Food and Agriculture","Forestry","Rate of deforestation (percentage)","Outcome"
"Food and Agriculture","Forestry","Value of removals of wood and non wood products (selected currency)","Output"
"Food and Agriculture","Forestry","Value of services from forests (selected currency)","Output"
"Food and Agriculture","Land Policy and Administration","Percentage change in number of formal land transactions (quarterly of yearly basis)","Outcome"
"Food and Agriculture","Land Policy and Administration","Percentage of agricultural households that have legally recognised rights to land.","Outcome"
"Food and Agriculture","Land Policy and Administration","Percentage of land area for which there is a legally recognised form of land tenure.","Output"
"Food and Agriculture","Land Policy and Administration","Percentage of land area inventoried","Output"
"Food and Agriculture","Land Policy and Administration","Share (percentage) of land over which there are disputes","Outcome"
"Food and Agriculture","Livestock","Annual growth (percentage) in value added in the livestock sector","Outcome"
"Food and Agriculture","Livestock","Livestock birthrate","Outcome"
"Food and Agriculture","Livestock","Percentage increase in yield per livestock unit","Outcome"
"Food and Agriculture","Livestock","Percentage of livestock owners in contact with livestock officer in the last month","Output"
"Food and Agriculture","Livestock","Percentage of livestock owners satisfied with the quality of livestock services","Output"
"Food and Agriculture","Livestock","Percentage of livestock owners using vetenary services within the last month","Output"
"Food and Agriculture","Natural Resource Management","Change (percentage) in soil loss from watersheds","Outcome"
"Food and Agriculture","Natural Resource Management","Proportion (percentage) of land area formally established as protected area","Outcome"
"Food and Agriculture","Natural Resource Management","Withdrawal of water for agriculture as a percentage of total freshwater withdrawal.","Outcome"
"Food and Agriculture","Rural Micro and SME Finance","Percentage increase in number of local enterprises in rural area","Outcome"
"Food and Agriculture","Rural Micro and SME Finance","Percentage of Bank branches that are located in rural areas","Outcome"
"Food and Agriculture","Rural Micro and SME Finance","Percentage of rural population eligible to obtain a business loan","Output"
"Food and Agriculture","Rural Micro and SME Finance","Percentage of rural population using financial services of formal banking institutions","Output"
"Food and Agriculture","Rural Micro and SME Finance","Percentage of rural population using non bank financial services","Outcome"
"Food and Agriculture","Rural Micro and SME Finance","Percentage of total savings that are mobilised from rural areas","Outcome"
"Food and Agriculture","Rural Micro and SME Finance","Percentage of users satisfied with the banking services","Output"
"Food and Agriculture","Sector wide indicators - Agriculture and Rural Development","Agricultural exports as a percentage of total value added in agriculture sector","Outcome"
"Food and Agriculture","Sector wide indicators - Agriculture and Rural Development","Annual growth rate of household in rural areas from agricultural activity (percentage)","Outcome"
"Food and Agriculture","Sector wide indicators - Agriculture and Rural Development","Change (percentage) in unit cost of transportation of agricultural product","Outcome"
"Food and Agriculture","Sector wide indicators - Agriculture and Rural Development","Food production Index","Outcome"
"Food and Agriculture","Sector wide indicators - Agriculture and Rural Development","Percentage change in proportion of rural population below US$1 per day (Purchasing power parity) per day or below national poverty line","Outcome"
"Food and Agriculture","Sector wide indicators - Agriculture and Rural Development","Percentage of rural labour force employed in agriculture","Outcome"
"Food and Agriculture","Sector wide indicators - Agriculture and Rural Development","Prevalence (percentage) of underweight children under five years of age in rural areas","Outcome"
"Food and Agriculture","Sector wide indicators - Agriculture and Rural Development","Producer price index for food items","Outcome"
"Food and Agriculture","Sector wide indicators - Agriculture and Rural Development","Proportion of under-nourished population","Outcome"
"Food and Agriculture","Sector wide indicators - Agriculture and Rural Development","Public spending on agricultural input subsidies as a percentage of total public spending on agriculture.","Outcome"
"Food and Agriculture","Sector wide indicators - Agriculture and Rural Development","Public spending on agriculture as a percentage of GDP from the agriculture sector","Outcome"
"Food and Agriculture","Sector wide indicators - Agriculture and Rural Development","Ratio (or proportion) of arable land area to total land area of the country","Outcome"
"Food and Agriculture","Sector wide indicators - Agriculture and Rural Development","Rural poor as a proportion of the population","Outcome"
"Broad Sector ","Subsector ","Indicator ","Type"
"NOTE: indicators in bold are STANDARD indicators; all others are SUGGESTED indicators",,,
"Governance and Conflict","Civil Service Reform","Improved government statistical capacity - Percentage of data on (X) collected by trained government staff","Outcome"
"Governance and Conflict","Civil Service Reform","Number of disciplinary cases for violations of codes of conduct","Output"
"Governance and Conflict","Civil Service Reform","Number of staff processed through objective systems (Effectiveness of recruitment/promotion/training systems)","Outcome"
"Governance and Conflict","Civil Service Reform","Number of targeted staff aware of civil service code","Output"
"Governance and Conflict","Civil Service Reform","Percentage deadlines met (e.g salaries/budget)","Output"
"Governance and Conflict","Civil Service Reform","Percentage of complaints received and acted on by Ombudsman","Output"
"Governance and Conflict","Civil Service Reform","Percentage of staff trained to do their jobs (admin mangement; policy development; financial management)","Output"
"Governance and Conflict","Civil Service Reform","Percentage of staff who understand how their role leads to frontline service delivery","Outcome"
"Governance and Conflict","Civil Service Reform","Percentage of staff with no job description","Output"
"Governance and Conflict","Civil Service Reform","Percentage senior staff strategic planning training","Output"
"Governance and Conflict","Civil Service Reform","Percentage staff minority representation against national statistics","Output"
"Governance and Conflict","Civil Service Reform","Ratio male:female staff","Output"
"Governance and Conflict","Civil Service Reform","Ratio of Ghost workers: total staff","Output"
"Governance and Conflict","Civil Service Reform","Ratio sector budget allocation: expenditure","Outcome"
"Governance and Conflict","Corruption","Percentage of anti-corruption body staff trained","Output"
"Governance and Conflict","Corruption","Percentage of appointments to anti-corruption body based on professional criteria","Outcome"
"Governance and Conflict","Corruption","Percentage of cases investigated by anti-corruption body (domestic or international)","Outcome"
"Governance and Conflict","Corruption","Percentage of cases lead to persecution (domestic or international)","Outcome"
"Governance and Conflict","Corruption","Percentage of civil servants that comply with asset declaration mechanism","Output"
"Governance and Conflict","Corruption","Percentage of national budget dedicated to anti-corruption body","Output"
"Governance and Conflict","Corruption","Percentage of targeted citizens satisfied with anti-corruption body activity (Disaggregated)","Outcome"
"Governance and Conflict","Corruption","Percentage of targeted civil service staff that feel safe reporting a corruption case","Output"
"Governance and Conflict","Corruption","Public access to agency information (Disaggregated)","Output"
"Governance and Conflict","Elections","Legal frameworks in place (in accordance with international standards)","Outcome"
"Governance and Conflict","Elections","Percentage of population aware of election","Output"
"Governance and Conflict","Elections","Percentage of election preparations completed on schedule","Output"
"Governance and Conflict","Elections","Percentage of electoral staff and observers trained (disaggregated) - Transparency of electoral systems","Outcome"
"Governance and Conflict","Elections","Percentage of observers trained","Output"
"Governance and Conflict","Elections","Percentage of people of voting age registered to vote - Participation equal (sex; ethnicity;marginlised)","Outcome"
"Governance and Conflict","Elections","Percentage of population aware how to vote (disaggregate)","Output"
"Governance and Conflict","Elections","Ratio national: international observers","Output"
"Governance and Conflict","Elections","Ratio observers: populations size","Output"
"Governance and Conflict","Human Rights (UN HR instruments)","Number of NGOs (per 100,000 persons) involved in promotion/protection of right to (X)","Outcome"
"Governance and Conflict","Human Rights (UN HR instruments)","Percentage of (targeted) citizens access to (health;education; Security and Justice) services (Disaggregated)","Outcome"
"Governance and Conflict","Human Rights (UN HR instruments)","Percentage of citizens aware of right to access to basic services (disaggregated)","Output"
"Governance and Conflict","Human Rights (UN HR instruments)","Percentage of citizens believe HR body is improving human rights situation in their country (Disaggregated)","Output"
"Governance and Conflict","Human Rights (UN HR instruments)","Percentage of household budget spent on accessing health/education/watsan-Security and Justice services etc","Output"
"Governance and Conflict","Human Rights (UN HR instruments)","Percentage of national budget targeting health/education/food security etc","Output"
"Governance and Conflict","Human Rights (UN HR instruments)","Percentage of objectives delivered by human rights body (Level of accountability for service delivery)","Outcome"
"Governance and Conflict","Human Rights (UN HR instruments)","Percentage of reported cases of sexual violence responded to (by government)","Output"
"Governance and Conflict","Human Rights (UN HR instruments)","Percentage/number of Universal Review (UPR) recommendations implemented","Outcome"
"Governance and Conflict","Media","Male: Female journalists at national media outlet","Output"
"Governance and Conflict","Media","Percentage of citizens access to media (Disaggregate)","Outcome"
"Governance and Conflict","Media","Percentage of citizens satisfied with media quality (Disaggregate)","Output"
"Governance and Conflict","Media","Percentage of journalists understand their role/neutrality","Output"
"Governance and Conflict","Media","Percentage of media coverage on corruption issues","Output"
"Governance and Conflict","Media","Percentage of programming given to minority issues (including equality across political parties; gender)","Output"
"Governance and Conflict","Parliament Support","Parliamentary effectiveness - Percentage of citizens satisfied with parliamentary performance (disaggregated)","Outcome"
"Governance and Conflict","Parliament Support","Percentage of parliamentarians complying with asset declaration mechanisms","Output"
"Governance and Conflict","Parliament Support","Percentage of parliamentarians trained in budget procedures, including scrutinising and monitoring","Output"
"Governance and Conflict","Parliament Support","Percentage of Parliamentarians trained in what their role is and how to be effective (Disaggregate)","Output"
"Governance and Conflict","Parliament Support","Percentage of parliamentary committees technically trained (budget, public funds, service delivery, scrutiny)","Output"
"Governance and Conflict","Parliament Support","Percentage of seats in parliament/local government occupied by women/targeted groups","Outcome"
"Governance and Conflict","Political Party Support","Number of policies communicated to general public","Outcome"
"Governance and Conflict","Political Party Support","Percentage of citizens aware of right to join political parties","Output"
"Governance and Conflict","Political Party Support","Percentage of parties with issue based manifesto","Outcome"
"Governance and Conflict","Political Party Support","Percentage of women/targeted groups included in membership of national political parties (against national statistics)","Output"
"Governance and Conflict","Political Party Support","Proportion of political party accounts and committee level meeting minutes published ( within party/externally)","Output"
"Governance and Conflict","Political Party Support","Proportion of political party accounts publicly available","Outcome"
"Governance and Conflict","Political Party Support","Proportion of political party membership given votes in internal decision making","Output"
"Governance and Conflict","Public Financial Management","Level of improvement of Public Expenditure Financial Accountability (PEFA) indicator.","Output"
"Governance and Conflict","Public Financial Management","Number of appeals investigated by relevant tender supervisory body","Outcome"
"Governance and Conflict","Public Financial Management","Percentage tenders published, including with clear conditions and criteria","Output"
"Governance and Conflict","Security and Justice Sector","Average numbers in prison cells (against international standards)","Outcome"
"Governance and Conflict","Security and Justice Sector","Confidence in formal systems - Percentage of complaints on 'less serious' issues","Outcome"
"Governance and Conflict","Security and Justice Sector","Length of judgement/appeals processes","Output"
"Governance and Conflict","Security and Justice Sector","Length of pre-trial detention","Output"
"Governance and Conflict","Security and Justice Sector","Number of cases resolved using alternative dispute resolution mechanisms","Output"
"Governance and Conflict","Security and Justice Sector","Number of CSOs consulted on policy development","Outcome"
"Governance and Conflict","Security and Justice Sector","Numbers of rapes per capita prison population (disaggregate)","Outcome"
"Governance and Conflict","Security and Justice Sector","Per capita military expenditure (or Percentage of GDP)","Output"
"Governance and Conflict","Security and Justice Sector","Percentage of citizens satisfied with (formal/informal) S&J performance (disaggregate)","Outcome"
"Governance and Conflict","Security and Justice Sector","Percentage of citizens who pay a bribe to access police/judicial services (disaggregate)","Output"
"Governance and Conflict","Security and Justice Sector","Percentage of citizens who say they feel safe in their community (disaggregate)","Output"
"Governance and Conflict","Security and Justice Sector","Percentage of citizens who say they have access to (formal/informal) court systems to resolve disputes (disaggregate)","Output"
"Governance and Conflict","Security and Justice Sector","Prevalence of infectious disease/malnutrition in prison population (disaggregate)","Outcome"
"Governance and Conflict","Security and Justice Sector","Ratio of military personnel: population size.","Output"
"Governance and Conflict","Tax/Revenue","Cost of setting up a business","Output"
"Governance and Conflict","Tax/Revenue","Length of time to set up a business","Output"
"Governance and Conflict","Tax/Revenue","Level of uniformity of tax collection","Outcome"
"Governance and Conflict","Tax/Revenue","Levels of public access to tax information","Output"
"Governance and Conflict","Tax/Revenue","Percentage of business paying bribes to avoid taxation","Output"
"Governance and Conflict","Tax/Revenue","Percentage of business satisfaction with tax system","Output"
"Governance and Conflict","Tax/Revenue","Percentage of citizens aware of importance of taxation","Outcome"
"Governance and Conflict","Tax/Revenue","Percentage of tax authority staff trained","Output"
"Governance and Conflict","Tax/Revenue","Tax laws non-discriminatory","Output"
"Governance and Conflict","Voice and Accountability","Legal protection for Civil Society Organisations (CSOs)","Outcome"
"Governance and Conflict","Voice and Accountability","Number of Cvil Society Organisations reporting intimidation for pursuing their activities","Outcome"
"Governance and Conflict","Voice and Accountability","Percentage of citizens (and/ or CSOs) satisfied their voice is heard by formal institutions (Disaggregate)","Outcome"
"Governance and Conflict","Voice and Accountability","Percentage of citizens reporting awareness (Awareness of rights/impact of corruption)","Outcome"
"Governance and Conflict","Voice and Accountability","Percentage of citizens satisfied with Civil Society Organisations performance (Disaggregate)","Outcome"
"Governance and Conflict","Voice and Accountability","Percentage of CSO staff understand their role/ are trained","Output"
"Governance and Conflict","Voice and Accountability","Percentage of CSO staff understand their role/ are trained.","Output"
"Governance and Conflict","Voice and Accountability","Percentage of public service information publicly displayed","Output"
"Broad Sector ","Subsector ","Indicator ","Type"
"NOTE: indicators in bold are STANDARD indicators; all others are SUGGESTED indicators",,,
"Health","Access to Medicines","Median affordability of the lowest priced generic for a basket of drugs in public facilities (Percentage)","Output"
"Health","Access to Medicines","Median affordability of the originator brand for a basket of drugs in private facilities (Percentage)","Output"
"Health","Access to Medicines","Median affordability of the originator brand for a basket of drugs in public facilities (Percentage)","Output"
"Health","Access to Medicines","Median availability of the lowest priced generic for a basket of drugs in private facilities (Percentage)","Output"
"Health","Access to Medicines","Median availability of the lowest priced generic for a basket of drugs in public facilities (Percentage)","Output"
"Health","Access to Medicines","Median availability of the originator brand for a basket of drugs in private facilities (Percentage)","Output"
"Health","Access to Medicines","Median availability of the originator brand for a basket of drugs in public facilities (Percentage)","Output"
"Health","Access to Medicines","Median affordability of the lowest priced generic for a basket of drugs in private facilities (Percentage)","Output"
"Health","Access to Medicines","Number of medicines prescribed per patient contact in public health facilities (mean) (Number)","Output"
"Health","Access to Medicines","Number of medicines tested for post marketing surveillance","Output"
"Health","Access to Medicines","Percentage of drugs prescribed that are in the essential medicines list","Output"
"Health","Access to Medicines","Percentage of tracer cases treated according to standard treatment protocol or guideline","Output"
"Health","Access to Medicines","Rate of generic prescribing as proportion of all prescriptions","Output"
"Health","Financing","Payments in facilities that are due to have removed user fees (Percentage paying nothing, mean payment)","Output"
"Health","Financing","Percentage of households who spent more than 10% of household expenditure (or income) on health in the past year, by income group","Output"
"Health","Governance/Quality","Absenteeism - Percentage of staff present on day of spot check by cadre, level of care","Output"
"Health","Governance/Quality","Health specific Country Policy and Institutional Assessment (CPIA) score","Output"
"Health","Governance/Quality","Proportion of health facility budgets reaching facility level","Output"
"Health","Health System Resource","Number of Health professionals trained","Output"
"Health","Health System Resource","Number of health professionals/workers trained by project","Output"
"Health","Health System Resource","Number of health workers recruited to rural primary health units compared to plan","Output"
"Health","Health System Resource","Number of health workers trained under project/programme activities","Output"
"Health","Health System Resource","Stock outs of essential drugs in government facilities","Output"
"Health","Health Systems Coverage","Level of user fees charged at targeted health centres","Outcome"
"Health","Health Systems Coverage","Coverage of measles vaccination (6 months -15 years)","Output"
"Health","Health Systems Coverage","Number of consultations per clinician , per day, by admin. Unit","Output"
"Health","Health Systems Coverage","Number of outpatient consultations per person , per year by administrative unit","Output"
"Health","Health Systems Coverage","Percentage of births assisted by a skilled attendant","Output"
"Health","Health Systems Coverage","Proportion of births attended by skilled health personnel","Outcome"
"Health","Information","HIV Prevalence for relevant surveillance populations published within 12 months","Output"
"Health","Information","National plan for health related surveys is in place and implemented","Output"
"Health","Information","Percentage of districts reporting timely and complete data at national level","Output"
"Health","Malaria","Children under 5 with fever in the last 2 weeks who received any anti-malarial treatment (by sex)","Outcome"
"Health","Malaria","Deaths due to malaria (per 100 000 population)","Outcome"
"Health","Malaria","No of households sprayed (annual), total or funded by DFID","Output"
"Health","Malaria","Number of insecticide treated bed nets distributed","Output"
"Health","Malaria","Percentage of children under 5 who slept under an ITN the previous night (total, by socioeconomic group,sex)","Outcome"
"Health","Malaria","Percentage of children under 5 with fever in the last 2 weeks who had a finger of heel stick (diagnostic test)","Outcome"
"Health","Malaria","Percentage of children under 5 with fever in the last 2 weeks who received anti-malarial treatment within 24 hours (total, by socio-economic group)","Outcome"
"Health","Malaria","Percentage of households with at least one insecticide treated net (ITN) (and by socio economic group)","Outcome"
"Health","Malaria","Percentage of households with at least one ITN or sprayed with Indoor Residual Spraying in the last 12 months","Outcome"
"Health","Malaria","Percentage of pregnant women who slept under an ITN the previous night (total and by socio-economic group)","Outcome"
"Health","Neglected Tropical Diseases","Laboratory has capability to perform microscopy, ELISA and PCR assays for NTD diagnostics","Output"
"Health","Neglected Tropical Diseases","Number of people treated under MDA (or those funded by DFID) in 12 months","Output"
"Health","Neglected Tropical Diseases","Proportion of areas for which mapping has been completed for each NTD.","Output"
"Health","Nutrition","Consumption of iron-rich or iron-fortified foods","Outcome"
"Health","Nutrition","Continued breastfeeding at 1 year","Outcome"
"Health","Nutrition","Early initiation of breastfeeding","Outcome"
"Health","Nutrition","Exclusive breastfeeding under 6 months","Output"
"Health","Nutrition","FANTA Household Hunger Scale hunger score","Outcome"
"Health","Nutrition","Introduction of solid, semi-solid or soft foods","Outcome"
"Health","Nutrition","Minimum accepted diet","Outcome"
"Health","Nutrition","Minimum Dietary Diversity","Outcome"
"Health","Nutrition","Minimum meal frequency","Outcome"
"Health","Nutrition","Percentage children aged 6-59 months given deworming in the past 6 months by sex","Output"
"Health","Nutrition","Percentage children aged 6-59 months given iron supplements in the past 7 days by sex","Output"
"Health","Nutrition","Percentage children aged 6-59 months given Vitamin A supplements in the last 6 months by sex","Output"
"Health","Nutrition","Proportion of population below minimum level of dietary energy consumption","Outcome"
"Health","Reproductive Health","Births attended by skilled health personnel (Percentage distribution, by income etc)","Outcome"
"Health","Reproductive Health","Births occurred in health facilities (Percentage, by income group etc)","Outcome"
"Health","Reproductive Health","Caesarean sections as percentage of all live births","Outcome"
"Health","Reproductive Health","Contraceptive prevalence rate","Outcome"
"Health","Reproductive Health","Coverage of tetanus vaccination during pregnancy (Percentage of pregnant women with TT2 vaccination)","Output"
"Health","Reproductive Health","Health providers trained to detect signs of sexual abuse or violence","Output"
"Health","Reproductive Health","Health providers trained to provide safe abortion services to the full extent of the law (no., distribution)","Output"
"Health","Reproductive Health","HIV prevalence in pregnant women","Outcome"
"Health","Reproductive Health","Incidence of neonatal tetanus","Outcome"
"Health","Reproductive Health","No. of Emergency Obstetric Care (EmOC) facilities per 500 000 population and no. offering comprehensive care","Output"
"Health","Reproductive Health","Number of facilities offering safe abortion services per 500 000 population","Output"
"Health","Reproductive Health","Number of family planning service delivery points per 500 000 population","Output"
"Health","Reproductive Health","Obstetric and gynaecological admissions owing to abortion (or rate per 1000 women)","Outcome"
"Health","Reproductive Health","Percentage of Population living within one hour of travel time to EmOC facility","Output"
"Health","Reproductive Health","Percentage of pregnant women tested for anaemia (as component of basic antenatal care package)","Output"
"Health","Reproductive Health","Positive syphilis serology prevalence in pregnant women attending antenatal care","Outcome"
"Health","Reproductive Health","Primary health-care facilities providing comprehensive case-management for symptomatic STIs","Output"
"Health","Reproductive Health","Service delivery points providing medical, psychological, and other services and referral for women with FGM","Output"
"Health","Reproductive Health","Women attended at least one and four times for antenatal care during pregnancy (Percentage, by income)","Output"
"Health","Service delivery and Quality","Among adults with a recent health visit, Percentage who stated that their provider showed respect to them","Output"
"Health","Service delivery and Quality","Among adults with recent health visit, Percentage who state that their provider explained things clearly","Output"
"Health","Service delivery and Quality","Case fatality rate for specific diseases (e.g. Measles, diarrhoea), for deliveries","Outcome"
"Health","Service delivery and Quality","Increase in number of people with access to a basic package of health services","Output"
"Health","Service delivery and Quality","Number and distribution of facilities with capacity to offer basic delivery care by region","Output"
"Health","Service delivery and Quality","Number and distribution of facilities with capacity to offer Emergency Obstetric care","Output"
"Health","Service delivery and Quality","Number of facilities offering PMTCT","Output"
"Health","Service delivery and Quality","Number of outpatient visits per capita per year","Outcome"
"Health","Service delivery and Quality","Percentage of facilities that meet basic standards for staffing, equipment, amenities, drugs and supplies","Output"
"Health","Service delivery and Quality","Percentage of facilities with accurate data for inventory management, safe storage conditions, stock within expiry date and older stock used first.","Output"
"Health","Service delivery and Quality","Percentage of facilities with supervisory visit in the last 3 months","Output"
"Health","Service delivery and Quality","Percentage of patient contacts where the health worker followed specific protocols (e.g. IMCI, STI treatment, VCT)","Output"
"Health","Service delivery and Quality","Percentage of population living within 5 km of a health facility (by region, public & non-state facilities)","Output"
"Health","Service delivery and Quality","Percentage of population living within 5 km of a health facility that meets minimum standards","Output"
"Health","Service delivery and Quality","Percentage of workers who know hand hygiene rules","Outcome"
"Health","Tuberculosis","Case detection of HIV + patients as a percentage of estimated TB cases that are HIV +","Output"
"Health","Tuberculosis","Case detection rate of smear positive MDR-TB patients.","Output"
"Health","Tuberculosis","Case detection rate: no. of new smear-positive case reported in the year as percentage of estimated cases","Output"
"Health","Tuberculosis","Default rate in TB treatment for new smear positive patients","Outcome"
"Health","Tuberculosis","DTP3 vaccination coverage - Percentage of 1-year olds vaccinated with the third dose of DPT vaccine by sex","Outcome"
"Health","Tuberculosis","Lab confirmed MDR TB cases successfully treated as a percentage of all cases on second line treatment","Outcome"
"Health","Tuberculosis","Number of TB facilities where free condom distribution is practiced and condoms are available, expressed as a proportion of all TB facilities.","Output"
"Health","Tuberculosis","Number or Percentage of districts with DPT 3 coverage over 80%","Outcome"
"Health","Tuberculosis","Number or Percentage of new smear positive patients managed by non-state providers under DOTS.","Outcome"
"Health","Tuberculosis","Output: Incidence of tuberculosis (per 100 000 population per year)","Output"
"Health","Tuberculosis","Percentage of TB patients who had an HIV test result recorded in the TB register.","Output"
"Health","Tuberculosis","Reporting units reporting no stock out of first line anti-TB drugs on the last day of the quarter among all reporting units (number and percentage)","Output"
"Health","Tuberculosis","TB treatment success rate under DOTS for new smear positive TB patients as % of all new cases","Outcome"
"Health","Vaccinations","Number of 1 year-old children immunised against measles","Output"
"Broad Sector ","Subsector ","Indicator ","Type"
"NOTE: indicators in bold are STANDARD indicators; all others are SUGGESTED indicators",,,
"HIV and AIDS","Access to Medicines/ARV","Number of people with advanced HIV infection receiving ARVs","Output"
"HIV and AIDS","Access to Medicines/ARV","Percentage of adults and children with HIV known to be on treatment after 12 months after initiation of antiretroviral therapy","Outcome"
"HIV and AIDS","Access to Medicines/ARV","Percentage of facilities providing ARV that had a stock out of at least one ARV drug in the last 12 months","Output"
"HIV and AIDS","Care and Support","Health facilities with drugs for opportunistic infections and palliative care in stock","Output"
"HIV and AIDS","Care and Support","Households receiving help in caring for chronically ill young adults, by gender of adult","Outcome"
"HIV and AIDS","Care and Support","No. of HIV positive people currently receiving cotrimoxazole prophylaxis by gender, age group","Outcome"
"HIV and AIDS","Care and Support","Number and % of PLWHA who tested positive who received counselling for positive prevention","Outcome"
"HIV and AIDS","Care and Support","Number of HIV-positive women assessed for CD4 cell count","Outcome"
"HIV and AIDS","Care and Support","Number of HIV-positive women receiving ARV treatment for own health","Outcome"
"HIV and AIDS","Care and Support","Number of individuals trained in HIV-related stigma and discrimination reduction","Output"
"HIV and AIDS","Care and Support","Number of legal and social support services for women care-givers and victims of sexual violence","Output"
"HIV and AIDS","Care and Support","Service delivery points providing medical, psychological and legal support to victims of rape or sexual abuse","Output"
"HIV and AIDS","Commercial sex workers","Condom use among commercial sex workers with last client","Outcome"
"HIV and AIDS","Commercial sex workers","Percentage of female sex workers reporting the use of a condom with every client in the last month","Outcome"
"HIV and AIDS","Commercial sex workers","Percentage of sex workers reached with HIV prevention programmes in the last 12 months","Outcome"
"HIV and AIDS","Cross cutting/Integration of services","Antenatal clinics offering or referring for VCT","Output"
"HIV and AIDS","Cross cutting/Integration of services","Contraception prevalence rate","Outcome"
"HIV and AIDS","Cross cutting/Integration of services","HIV services offering or referring for family planning","Output"
"HIV and AIDS","Cross cutting/Integration of services","Intensified TB case-finding among PLWHA","Output"
"HIV and AIDS","Cross cutting/Integration of services","Number and % of Ante Natal Care facilities which provide PMTCT, public and private, by district","Output"
"HIV and AIDS","Cross cutting/Integration of services","Number and % of health care workers newly trained or retrained in basic HIV prevention package","Output"
"HIV and AIDS","Cross cutting/Integration of services","Number and percentage of health care workers newly trained or retrained","Output"
"HIV and AIDS","Cross cutting/Integration of services","Number of health facilities that offer ARV therapy (by level, region, public/private, DFID supported).","Output"
"HIV and AIDS","Cross cutting/Integration of services","Percentage of adults and children enrolled in HIV care who had TB status assessed at last visit","Output"
"HIV and AIDS","Cross cutting/Integration of services","Percentage of adults and children newly enrolled in HIV care who had TB status assessed and recorded during their last visit","Output"
"HIV and AIDS","Cross cutting/Integration of services","Percentage of clients that attend public antenatal clinics which offer or refer for VCT","Output"
"HIV and AIDS","Cross cutting/Integration of services","Percentage of estimated HIV-positive incident TB cases that received treatment for TB and HIV","Outcome"
"HIV and AIDS","Cross cutting/Integration of services","Percentage of health facilities that offer ARV therapy","Output"
"HIV and AIDS","Cross cutting/Integration of services","Percentage of health facilities that provide HIV testing and counselling services","Output"
"HIV and AIDS","Cross cutting/Integration of services","Unmet need for family planning","Outcome"
"HIV and AIDS","Injecting drug users","Drug injectors using condoms at last sex, by partner type","Outcome"
"HIV and AIDS","Injecting drug users","Injecting drug users using sterile equipment at last time they injected","Outcome"
"HIV and AIDS","Injecting drug users","Number of needle and syringe programme sites per 1000 IDUs","Output"
"HIV and AIDS","Injecting drug users","Number of opioid substitution therapy sites per 1000 IDUs","Output"
"HIV and AIDS","Knowledge and Behaviour - core UNGASS indicator","% of adults aged 15-49 who had more than one sexual partner in the past 12 months who report the use of a condom during their last intercourse","Outcome"
"HIV and AIDS","Knowledge and Behaviour - core UNGASS indicator","Percentage of adults aged 15-49 who had more than one sexual partner in the past 12 months who report the use of a condom during their last intercourse","Output"
"HIV and AIDS","Knowledge and Behaviour - core UNGASS indicator","Percentage of most-at-risk populations who both correctly identify ways of preventing the sexual transmission of HIV and who reject major misconceptions about HIV transmission by risk group","Outcome"
"HIV and AIDS","Knowledge and Behaviour - core UNGASS indicator","Percentage of young women and men aged 15-24 who both correctly identify ways of preventing the sexual transmission of HIV and who reject major misconceptions about HIV transmission by sex","Outcome"
"HIV and AIDS","Knowledge and Behaviour - core UNGASS indicator","Percentage of young women and men who have had sexual intercourse before the age of 15 by sex","Outcome"
"HIV and AIDS","Men who have sex with Men","Condom use during anal sex among young men who have sex with men","Outcome"
"HIV and AIDS","Men who have sex with Men","Knowledge of HIV prevention among men having sex with men","Output"
"HIV and AIDS","Men who have sex with Men","Percentage of men reporting the use of a condom the last time they had anal sex with a male partner","Outcome"
"HIV and AIDS","Men who have sex with Men","Percentage of MSM reached with HIV prevention programmes in the last 12 months","Outcome"
"HIV and AIDS","Orphans and Vulnerable Children","Number of orphans and vulnerable children (OVC) served by an OVC program, disaggregated by sex","Output"
"HIV and AIDS","Orphans and Vulnerable Children","Percentage of children aged less than 15 years who are orphans (UNGASS 2005)","Outcome"
"HIV and AIDS","Orphans and Vulnerable Children","Percentage of children living outside of family care","Outcome"
"HIV and AIDS","Orphans and Vulnerable Children","Percentage of children who are vulnerable","Outcome"
"HIV and AIDS","Orphans and Vulnerable Children","Percentage of orphans and vulnerable children whose households received free basic external support in caring for the child","Outcome"
"HIV and AIDS","Orphans and Vulnerable Children","The (a) number and (b) percentage of districts with functioning social welfare departments providing grants to orphans and other vulnerable children","Output"
"HIV and AIDS","Prevalence","HIV prevalence among 15-49 year olds","Outcome"
"HIV and AIDS","Prevention","Condom use among young people who had higher-risk sex in the preceding year by gender, urban/rural","Outcome"
"HIV and AIDS","Prevention","Drug supply at STI care services - measure of stock outs.","Output"
"HIV and AIDS","Prevention","Life-skills-based HIV education in schools within last academic year (primary, secondary)","Output"
"HIV and AIDS","Prevention","Number of condoms distributed","Output"
"HIV and AIDS","Prevention","Number of individuals who aged 15 and over who received HIV testing and counselling and know their results","Outcome"
"HIV and AIDS","Prevention","Number of male and female condoms distributed in public and private sector","Output"
"HIV and AIDS","Prevention","Percentage of districts with at least one specialised voluntary counselling and testing (VCT) service","Output"
"HIV and AIDS","Prevention","Percentage of donated blood units screened for HIV in a quality assured manner","Output"
"HIV and AIDS","Prevention","Percentage of health care facilities where all therapeutic injections are given with new, disposable, single-use injection equipment","Output"
"HIV and AIDS","Prevention","Percentage of health facilities with post-exposure prophilaxis (PEP) services available on site","Output"
"HIV and AIDS","Prevention","Percentage of most-at-risk populations reached with HIV prevention programmes by risk group","Outcome"
"HIV and AIDS","Prevention","Percentage of most-at-risk populations that have received an HIV test in the last 12 months and who know the results","Outcome"
"HIV and AIDS","Prevention","Percentage of women and men aged 15–49 who received HIV testing and counselling and know the results","Output"
"HIV and AIDS","Prevention of Mother to Child Transmission (PMTCT)","Distribution of feeding practices (exclusive breast feeding, replacement feeding, mixed feeding/other) for infants born to HIV-infected women at 3 months","Outcome"
"HIV and AIDS","Prevention of Mother to Child Transmission (PMTCT)","HIV-exposed infants seen within 2 months of birth for check-up (number and percentage)","Outcome"
"HIV and AIDS","Prevention of Mother to Child Transmission (PMTCT)","Percentage of HIV infected pregnant women who receive antiretrovirals to reduce the risk of MCT","Outcome"
"HIV and AIDS","Prevention of Mother to Child Transmission (PMTCT)","Percentage of HIV-infected pregnant women who receive ARV for their own health","Outcome"
"HIV and AIDS","Prevention of Mother to Child Transmission (PMTCT)","Percentage of infants born to HIV-infected women receiving any ARV prophilaxis for PMTCT","Outcome"
"HIV and AIDS","Prevention of Mother to Child Transmission (PMTCT)","Percentage of infants born to HIV-infected women started on cotrimoxazole prophylaxis within two months of birth","Outcome"
"HIV and AIDS","Prevention of Mother to Child Transmission (PMTCT)","Percentage of infants born to HIV-infected women who receive an HIV test within 12 months","Outcome"
"Broad Sector ","Subsector ","Indicator ","Type"
"NOTE: indicators in bold are STANDARD indicators; all others are SUGGESTED indicators",,,
"Humanitarian","Agriculture","Increased household livestock yield (meat, eggs, milk) or cash generated from livestock sales","Outcome"
"Humanitarian","Agriculture","Kilograms of fish captured and/or produced/harvested","Outcome"
"Humanitarian","Agriculture","Measurable improvements in food security obtained by households benefiting from agricultural inputs and/or services","Outcome"
"Humanitarian","Agriculture","Measurable improvements to harvesting and storage of crops","Output"
"Humanitarian","Agriculture","No. of hectares benefiting from agricultural improvements (fertilizers, irrigation, conservation)","Output"
"Humanitarian","Agriculture","No. of households assisted by fishery programmes","Output"
"Humanitarian","Agriculture","No. of households assisted with agricultural services","Output"
"Humanitarian","Agriculture","No. of households assisted with livestock inputs and services","Output"
"Humanitarian","Agriculture","No. of newly cultivated hectares as a direct result of agricultural assistance programmes","Outcome"
"Humanitarian","Agriculture","Post harvest loss reduced through improved harvesting and storage of crops","Outcome"
"Humanitarian","Agriculture","Tonnage of crops produced as a direct result of agricultural input programmes","Outcome"
"Humanitarian","Camp Co-ordination Management (CCM)","Affected displaced populations are afforded appropriate protection in accordance with protection principles (e.g guilding principles on Internal Displacement, Human Rights Law, International Humanitarian Law)","Outcome"
"Humanitarian","Camp Co-ordination Management (CCM)","Appropriate physical environment and camp design to ensure cultural norms and personal/camp security while upholding human rights (e.g. freedom of movement)","Output"
"Humanitarian","Camp Co-ordination Management (CCM)","Camp designed and positioned to allow safe access to sustainable resources and livelihoods","Output"
"Humanitarian","Camp Co-ordination Management (CCM)","Camp management, design and exit strategy produced outlining potential short and long term scenarios (based on principles of do no harm)","Output"
"Humanitarian","Camp Co-ordination Management (CCM)","Minimum surface area per person provided in camp (in line with international standards","Output"
"Humanitarian","Camp Co-ordination Management (CCM)","Number of established and recognised mechanisms for redressing issues and grievances","Output"
"Humanitarian","Camp Co-ordination Management (CCM)","Number of inclusive camp committees established representing the camp population, including vulnerable groups","Output"
"Humanitarian","Camp Co-ordination Management (CCM)","Number of mechanisms in place to control communicable and incommunicable diseases","Output"
"Humanitarian","Camp Co-ordination Management (CCM)","Number of reports of cases of conflict with the affected community, the outside and within the host community","Output"
"Humanitarian","Camp Co-ordination Management (CCM)","Proportion of camp population able to access essential food and non-food items and services in line with international standards","Output"
"Humanitarian","Camp Co-ordination Management (CCM)","Proportion of camp population people able to access legal assistance","Output"
"Humanitarian","Camp Co-ordination Management (CCM)","Proportion of camp population registered with appropriate verification measures in place","Output"
"Humanitarian","Coordination","Adequate quantity of aid and services","Outcome"
"Humanitarian","Coordination","Amount and types of resources available and used for inter-cluster coordination","Output"
"Humanitarian","Coordination","Establishment and usage of accessible IM tools and products across all clusters","Output"
"Humanitarian","Coordination","HC appointed from HC pool within 3 days","Output"
"Humanitarian","Coordination","Inclusion of cross cutting issues (i.e. protection, early recovery DRR etc) in all technical strategic outputs","Output"
"Humanitarian","Coordination","Information Manager appointed for cluster(s) within 7 days","Output"
"Humanitarian","Coordination","Number of agencies participating in cluster meetings","Output"
"Humanitarian","Coordination","Number of clusters activated and dedicated leads appointed within 3 days (adhereing to ToR)","Output"
"Humanitarian","Coordination","Number of countries in which a prioritisation tool is being used","Output"
"Humanitarian","Coordination","Number of countries in which joint needs assessments are carried out","Output"
"Humanitarian","Coordination","Number of dedicated emergency staff mobilised for i) immediate and ii) longer term phases","Output"
"Humanitarian","Coordination","Number of donors financing the pooled fund","Output"
"Humanitarian","Coordination","Number of Humanitarian Country Team meetings","Output"
"Humanitarian","Coordination","Number of local NGOs and CBOs participating in clusters","Output"
"Humanitarian","Coordination","Number of national and local authorities participating in clusters","Output"
"Humanitarian","Coordination","Numbers of clusters having sectoral strategic plans","Output"
"Humanitarian","Coordination","OCHA field vacancy rate","Output"
"Humanitarian","Coordination","Percentage of HCs engaging in performance management process","Output"
"Humanitarian","Coordination","Quality provision of aid and services","Outcome"
"Humanitarian","Coordination","Technical standards defined by cluster and agreed by cluster members within X days","Output"
"Humanitarian","Coordination","Timely provision of aids and services","Outcome"
"Humanitarian","Disaster Risk Reduction (DRR)","A national multi-sectoral platform for disaster preparedness/ DRR is functioning.","Outcome"
"Humanitarian","Disaster Risk Reduction (DRR)","Country wide public awareness strategy exists to stimulate a culture of disaster resilience, with outreach to urban and rural communities.","Outcome"
"Humanitarian","Disaster Risk Reduction (DRR)","Disaster preparedness plans and contingency plans are in place at all administrative levels, and regular training drills and rehearsals are held to test and develop disaster response programmes.","Outcome"
"Humanitarian","Disaster Risk Reduction (DRR)","Early warning systems are in place for all major hazards, with outreach to communities.","Outcome"
"Humanitarian","Disaster Risk Reduction (DRR)","Increase individual household knowledge and skills in disaster preparedness and mitigation, through incorporating risk management concepts in formal and informal education","Output"
"Humanitarian","Disaster Risk Reduction (DRR)","National and local risk assessment based on hazard data and vulnerability information are available and include risk assessments for key sectors.","Outcome"
"Humanitarian","Disaster Risk Reduction (DRR)","National institutional and legal frameworks for disaster risk management exist with decentralised responsibilities and capacities at all levels.","Outcome"
"Humanitarian","Disaster Risk Reduction (DRR)","Number and percent of beneficiaries retaining disaster preparedness, mitigation, and management knowledge two months after training","Output"
"Humanitarian","Disaster Risk Reduction (DRR)","Number of community awareness raising workshops carried out by district government/ NGO.","Output"
"Humanitarian","Disaster Risk Reduction (DRR)","Number of hazard risk reduction plans, policies or curriculum developed","Output"
"Humanitarian","Disaster Risk Reduction (DRR)","Number of households/ proportion of households with increased knowledge and skills in disaster preparedness and response","Output"
"Humanitarian","Disaster Risk Reduction (DRR)","Number of hydro-meteorological policies/procedures modified as a result of the activities to increase preparedness for hydro-meteorological events","Output"
"Humanitarian","Disaster Risk Reduction (DRR)","Number of people trained in disaster preparedness, mitigation, and management","Output"
"Humanitarian","Disaster Risk Reduction (DRR)","Relevant information on disasters is available and accessible at all levels, to all stakeholders.","Outcome"
"Humanitarian","Disaster Risk Reduction (DRR)","School curricula, education material and relevant trainings include disaster preparedness, risk reduction and recovery concepts and practices.","Outcome"
"Humanitarian","Environment","Access rights agreed with host community regarding existing natural resources, such as fuel, water, timber for construction, stone and sand, grasses","Output"
"Humanitarian","Environment","Activities undertaken to protect natural resource-dependent livelihood support activities","Output"
"Humanitarian","Environment","Agricultural or grazing land planned to minimise any adverse impact on the local natural habitat","Output"
"Humanitarian","Environment","An environmental assessment made of natural resource availability and fragility, typical land usage, the distribution of existing vegetation and surface water drainage patterns","Output"
"Humanitarian","Environment","Appropriate environmental rehabilitation measures undertaken during the life of the temporary settlement","Output"
"Humanitarian","Environment","Environmental restoration of the locations of mass shelters or temporary planned camps, unless agreed otherwise, once they are no longer needed for emergency shelter use","Outcome"
"Humanitarian","Environment","Natural resources are sustainably managed to meet the ongoing needs of the displaced and host populations","Outcome"
"Humanitarian","Environment","Number of small settlements","Output"
"Humanitarian","Environment","Roads, pathways and drainage networks planned to make use of natural contours in order to minimise erosion and flooding","Output"
"Humanitarian","Environment","Satisfactory removal of all material or waste that cannot be re-used or that could have an adverse effect on the environment","Output"
"Humanitarian","Environment","Sustainable external supplies of fuel provided","Output"
"Humanitarian","Environment","The production and supply of construction material and the building process minimises the long-term depletion of natural resources","Outcome"
"Humanitarian","Environment","The temporary or permanent settling of the affected population considers the extent of the natural resources available","Outcome"
"Humanitarian","Environment","Trees and other vegetation are retained where possible to increase water retention, minimise soil erosion and to provide shade","Outcome"
"Humanitarian","Food and Nutrition","% of breastfed children aged 6-24 months who receive food from at least 4 food groups each day","Output"
"Humanitarian","Food and Nutrition","% of children 0-59 months with low weight for height, wasting) (moderate, severe and total) or nutritional oedema","Outcome"
"Humanitarian","Food and Nutrition","% of children aged 0-6 months who are exclusively breastfed","Output"
"Humanitarian","Food and Nutrition","% of children aged 6-9 months who are fed at least twice per day, and % of children aged 9-24 months who are fed at least 3 times per day","Output"
"Humanitarian","Food and Nutrition","% of children treated for severe acute malnutrition who default","Outcome"
"Humanitarian","Food and Nutrition","% of children treated for severe acute malnutrition who die","Outcome"
"Humanitarian","Food and Nutrition","% of children treated for severe acute malnutrition who recover","Outcome"
"Humanitarian","Food and Nutrition","% of children under five with severe acute malnutrition (moderate and severe) receiving treatment","Output"
"Humanitarian","Food and Nutrition","All targeted households (of a food assistance programme) have access to the necessary inputs to protect and restart primary production to the level of pre-disaster, when justified, and in accordance with the agricultural calendar","Output"
"Humanitarian","Food and Nutrition","All targeted households are given cash or vouchers, where it is considered (or assessed) to be operationally viable, at market value of required inputs, giving households the absolute choice on livelihoods options","Output"
"Humanitarian","Food and Nutrition","All targeted people (in a food assistance programme) get responses ensuring their primary needs, preventing erosion of their assets, giving them choice and promoting their dignity - throughout project implementation","Output"
"Humanitarian","Food and Nutrition","All targeted populations have safe and full access to market goods, services and systems throughout the project duration","Output"
"Humanitarian","Food and Nutrition","All targeted populations meet some or all their basic food needs and other livelihood needs (e.g., productive assets, health, education, transportation, shelter, transport) through purchase from the local markets","Output"
"Humanitarian","Food and Nutrition","Caregivers of infants and young children have access to timely and appropriate, nutritionally and safe complementary foods (6 months)","Outcome"
"Humanitarian","Food and Nutrition","Change (%) in yield of staple crops in country/ region/ district","Outcome"
"Humanitarian","Food and Nutrition","Food aid recipients receive food that is “fit for purpose”: for safety, food should not pose a risk to health; for quality, food should match specification and be nutritious","Output"
"Humanitarian","Food and Nutrition","Food purchased locally, as % of food distributed in-country","Outcome"
"Humanitarian","Food and Nutrition","Household food consumption score","Outcome"
"Humanitarian","Food and Nutrition","Market price trend of livestock/ grain ratio","Outcome"
"Humanitarian","Food and Nutrition","Mean weight gain of children being treated for severe acute malnutrition","Output"
"Humanitarian","Food and Nutrition","More than 90% of the target population is within <1 day’s return walk (including time for treatment) of the site for dry ration supplementary feeding programmes and no more than 1 hour’s walk for on-site supplementary feeding programmes","Outcome"
"Humanitarian","Food and Nutrition","Number of people assisted by food assistance, food or cash transfer programme or food security programmes","Output"
"Humanitarian","Food and Nutrition","Number of: cattle distributed; certified quality seeds produced; trained people in agriculture; tonnes of food distributed","Outcome"
"Humanitarian","Food and Nutrition","Prevalence of acute malnutrition among children under 5 (weight for height as a %)","Outcome"
"Humanitarian","Food and Nutrition","Prevalence of low mid-upper arm circumference (MUAC)","Outcome"
"Humanitarian","Food and Nutrition","Proportion (%) of h/h expenditure on food","Outcome"
"Humanitarian","Food and Nutrition","There is access to a range of foods – including a staple (cereal or tuber), pulses (or animal products) and fat sources – that together meet nutritional requirements","Outcome"
"Humanitarian","Health","CFR for most common diseases","Outcome"
"Humanitarian","Health","Coverage of tetanus vaccination during pregnancy percentage of pregnant women with TT2 vaccination)","Output"
"Humanitarian","Health","Crude mortality rate","Outcome"
"Humanitarian","Health","Health workers trained to detect signs of sexual abuse or violence","Output"
"Humanitarian","Health","Number of cases or incidence of sexual violence","Outcome"
"Humanitarian","Health","Number of emergency obstetric care facilities per 500,000 of the population and number offering comprehensive care","Output"
"Humanitarian","Health","Number of family planning service delivery providers providing at least three methods of FP","Output"
"Humanitarian","Health","Number of households sprayed/insecticide treated bed nets distributed","Output"
"Humanitarian","Health","Number of people with access to a basic package of health services","Output"
"Humanitarian","Health","Percentage of population with severe difficulties in functioning","Outcome"
"Humanitarian","Health","Proportion of people with <15 litres of water per day","Outcome"
"Humanitarian","Health","Proportional mortality","Outcome"
"Humanitarian","Health","Under 5 mortality rate","Outcome"
"Humanitarian","Logistics","Annual cost of warehousing","Output"
"Humanitarian","Logistics","Cost per tonne of transport by air (annual average)","Output"
"Humanitarian","Logistics","Cost per tonne of transport by road (annual average)","Output"
"Humanitarian","Logistics","Cost per tonne of transport by sea (annual average)","Output"
"Humanitarian","Logistics","Number of consignments able to be tracked through to beneficary","Output"
"Humanitarian","Logistics","Number of contracts adhering to approved procedures","Output"
"Humanitarian","Logistics","Number of contracts fulfilled on schedule","Output"
"Humanitarian","Logistics","Number of contracts showing consideration for CSR issues","Output"
"Humanitarian","Logistics","Number of contracts with definable evaluation criteria","Output"
"Humanitarian","Logistics","Number of contracts with inspection clauses","Output"
"Humanitarian","Logistics","Number of deliveries not made according to time forecast","Output"
"Humanitarian","Logistics","Number of items held in dedicated warehouse space","Output"
"Humanitarian","Logistics","Number of items held in shared humanitarian warehouses","Output"
"Humanitarian","Logistics","Number of Procurement contracts issued not meeting internationally agreed quality standards","Output"
"Humanitarian","Logistics","Percentage change in costs of warehousing (pro rata, depending on volume and value held","Outcome"
"Humanitarian","Logistics","Percentage change in value of stocks held but not used in one calendar year","Outcome"
"Humanitarian","Logistics","Percentage change in value of stocks held. Disaggregate between shared and dedicated warehouse space","Outcome"
"Humanitarian","Logistics","Percentage improvement in cost/tonne ratio - air transport","Outcome"
"Humanitarian","Logistics","Percentage improvement in cost/tonne ratio - road transport","Outcome"
"Humanitarian","Logistics","Percentage improvement in cost/tonne ratio - sea transport","Outcome"
"Humanitarian","Logistics","Percentage improvement in deliveries on time","Outcome"
"Humanitarian","Logistics","Percentage improvement in time taken for stocks to leave the premises. Disggregated between shared and wholly dedicated warehouses","Outcome"
"Humanitarian","Logistics","Percentage increase in acceptable procurement contracts","Outcome"
"Humanitarian","Logistics","Percentage increase in consignments delivered through common systems","Outcome"
"Humanitarian","Logistics","Percentage increase in number of consignments able to be fully tracked","Outcome"
"Humanitarian","Logistics","Percentage increase in number of contracts adhering to approved procedures","Outcome"
"Humanitarian","Logistics","Percentage increase in number of contracts with definable evaluation criteria","Outcome"
"Humanitarian","Logistics","Percentage increase in number of contracts with inspection clauses","Outcome"
"Humanitarian","Logistics","Percentage increase in number of cotnracts fulfilled on schedule","Outcome"
"Humanitarian","Logistics","Percentage of commdities delivered through consolidated / common systems","Output"
"Humanitarian","Logistics","Percentage reduction in time goods await onward movement form 1st port of entry","Outcome"
"Humanitarian","Logistics","Time taken for the first element of a consignment to leave the premises. Disggregated between shared and wholly dedicated warehouses","Output"
"Humanitarian","Logistics","Time taken to move consignments forward from 1st port of entry","Output"
"Humanitarian","Protection","% of population that has received updated information regarding relief activities","Outcome"
"Humanitarian","Protection","% of the displaced population who return voluntarily, safely and in dignity","Outcome"
"Humanitarian","Protection","% of the women and men who recognise the threats of sexual violence and know how to limit the risks","Outcome"
"Humanitarian","Protection","%/number of population enabled to resume normal way of life due to reduced risk of exposure to mines and unexploded ordinances","Outcome"
"Humanitarian","Protection","Assistance and protection are delivered in a neutral, impartial and proportional manner","Outcome"
"Humanitarian","Protection","Authorities adopt steps to address the causes of displacement","Outcome"
"Humanitarian","Protection","Evidence that IHL dissemination is now underway in the targeted group and is","Output"
"Humanitarian","Protection","Level of unimpeded access to international/national humanitarian organisations to all those people affected","Output"
"Humanitarian","Protection","Number and % of target population reporting increased access to GBV based services","Output"
"Humanitarian","Protection","Number and types of security incidents reported by women and men (e.g. sexual assault, bombings, child soldiers, arbitariry detention etc.)","Outcome"
"Humanitarian","Protection","Number of civilians estimated killed, maimed and injured by violence","Output"
"Humanitarian","Protection","Number of reports of sexual violence per x number of men and women","Outcome"
"Humanitarian","Protection","Numbers of policies/procedures/practices modified in accordance with protection principles (e.g., Guiding Principles on Internal Displacement; Human Rights Law; International Humanitarian Law)","Outcome"
"Humanitarian","Protection","Perception of the affected population regarding information provision","Outcome"
"Humanitarian","Protection","Reduced sense of fear, growing sense of safety, recovered dignity","Outcome"
"Humanitarian","Protection","There is a functioning system to issue registration documents to all affected population","Outcome"
"Humanitarian","Shelter","A shelter, settlement and reconstruction plan (with explicit targets and timeframes) for all shelter-affected displaced and non-displaced updated regularly by the affected population, humanitarian, developmental and governmental stakeholders.","Output"
"Humanitarian","Shelter","An understanding is maintained of the economic context (livelihoods and the construction industry) and the impacts to both of shelter","Output"
"Humanitarian","Shelter","Assistance is offered in the most efficient and sustainable manner avoiding harm to livelihoods and recovery capacities.","Output"
"Humanitarian","Shelter","Capacities and resources from all stakeholders are coordinated and agreed objectives are met, ensuring the security, safety, health and well-being of displaced and non-displaced.","Outcome"
"Humanitarian","Shelter","Equitable recovery is achieved through housing for the tenant and owner affected population where housing, land and property ownership, and/or use, rights are clarified prior to occupation.","Output"
"Humanitarian","Shelter","Equitable shelter relief, recovery and reconstruction is achieved for the shelter-affected population.","Output"
"Humanitarian","Shelter","Return, host or temporary communal settlements have safe and secure accommodation and access to services and opportunities including daily livelihood activities.","Output"
"Humanitarian","Shelter","Settled disaster-affected households where the material sourcing and construction techniques minimises the adverse impact on the environment via coordinated and prioritised environmental activities","Outcome"
"Humanitarian","Shelter","Shelter and housing are constructed safely and efficiently, appropriate to culture and climate including sufficient covered living space, thermal comfort (safe and sustainable heating as required), ..","Outcome"
"Humanitarian","Shelter","The displaced shelter-affected population have somewhere to live and sufficient individual, general household, personal hygiene and shelter support items to ensure their health, dignity, safety and well-being","Outcome"
"Humanitarian","Shelter","The proportion of shelter and settlement for displaced and non-displaced that meets established technical, durability, safety and planning standards for shelter products, materials, construction and settlement planning.","Output"
"Humanitarian","Shelter","The proportion of shelter responses which meet defined environmental targets","Outcome"
"Humanitarian","Shelter","The proportion of the displaced shelter-affected population that has safe and adequate shelter and settlement responses, including appropriate and durable NFIs throughout the emergency and recovery period","Outcome"
"Humanitarian","Shelter","The proportion of the non-displaced shelter-affected population, both tenants and owners, with housing that is safe, legal, appropriate and durable","Output"
"Humanitarian","Shelter","The proportion of the shelter-affected displaced and non-displaced who are involved in planning and implementation including temporary communal settlements by family, neighbourhood or village groups, as appropriate.","Output"
"Humanitarian","Shelter","The proportion of the shelter-affected displaced and non-displaced with adequate access to essential services, including water and sanitation, community facilities, urban and rural livelihoods opportunities.","Outcome"
"Humanitarian","Shelter","The proportion of the shelter-affected displaced and non-displaced, for which there are defined financial, operational and material resources commitments for reliief, recovery and reconstruction..","Output"
"Humanitarian","Shelter","The proportion of the shelter-affected displaced and non-displaced, whose risks from hazards are managed.","Output"
"Humanitarian","Shelter","The shelter-affected displaced and non-displaced are able to manage their vulnerability to hazards supporting their sustainable recovery.","Outcome"
"Humanitarian","WASH","Access to a refuse container which is emptied a minimum of twice per week; and are no more than 100 metres from a communal refuse pit.","Output"
"Humanitarian","WASH","All facilties are appropriately used and maintained.","Output"
"Humanitarian","WASH","Appropriate vector control measures in place.","Output"
"Humanitarian","WASH","Average water use for drinking, cooking, and personal hygiene (litres per person per day).","Output"
"Humanitarian","WASH","Number and percent of appropriate excreta containment facilities built.","Outcome"
"Humanitarian","WASH","Number of hygiene items (cooking, washing and bathing facilities and material) distributed that meet the immediate needs of the community.","Output"
"Humanitarian","WASH","Spare parts, training and maintenance plans in place.","Outcome"
"Humanitarian","WASH","The number of appropriately designed, sized and durable water carrying and water storage containers distributed (with covers).","Output"
"Humanitarian","WASH","The proportion of affected population that are able to dwell in a health or other risk free environment without the threats caused by water erosion and/or standing water resulting from floods, stormwater runoff and wastewater discharge.","Outcome"
"Humanitarian","WASH","The proportion of affected population that are able to dwell in an environment which is uncontaminated by waste and have the means to dispose of their domestic waste conveniently and effectively.","Outcome"
"Humanitarian","WASH","The proportion of affected population that have access to hygiene items to ensure personal hygiene, health, dignity and well being.","Outcome"
"Humanitarian","WASH","The proportion of affected population who have good, equitable, and safe access to water of sufficient quantity and quality for drinking, cooking, personal and domestic hygiene.","Outcome"
"Humanitarian","WASH","The proportion of affected population whose health is protected by the safe management and control, to acceptable levels, of disease vectors without introducing resistance to substances used.","Output"
"Humanitarian","WASH","Water is palatable and of sufficient quality to be drunk and used for personal and domestic hygiene without causing risk to health.","Outcome"
"Humanitarian","WASH","Well planned, built and maintained drainage systems.","Output"
"Humanitarian","WASH","Zero faecal coliforms per 100ml of water at the point of delivery.","Output"
"Broad Sector ","Subsector ","Indicator ","Type"
"NOTE: indicators in bold are STANDARD indicators; all others are SUGGESTED indicators",,,
"Water and Sanitation","Hygiene","Percentage of people reporting an Acute Respiratory Infection in the last 2 weeks","Outcome"
"Water and Sanitation","Hygiene","Number of people participating/trained in a hygiene promotion programme","Output"
"Water and Sanitation","Hygiene","Percentage of people (and parents reporting for their children< 36 months of age) with diarrhoea in the last 2 weeks","Outcome"
"Water and Sanitation","Hygiene","Percentage of people with appropriate handwashing behaviour","Outcome"
"Water and Sanitation","Improved drinking water","Number of households provided with new/improved drinking water","Output"
"Water and Sanitation","Improved drinking water","Percentage of hospitals/health care facilities with a safe drinking water supply","Output"
"Water and Sanitation","Improved drinking water","Percentage of schools with a safe drinking water supply","Output"
"Water and Sanitation","Improved drinking water","Percentage of water supply points for public use (e.g. in schools, hospitals, market places) which are accessible to disabled people","Output"
"Water and Sanitation","Improved drinking water","Proportion of people using an improved drinking water source less than 30 minutes (or 1 km) away.","Outcome"
"Water and Sanitation","Sanitation","Number of new/improved sanitation facilities provided","Output"
"Water and Sanitation","Sanitation","Percentage of hospitals and healthcare centres with improved sanitation facilities","Output"
"Water and Sanitation","Sanitation","Percentage of households disposing of child faeces (< 36 months of age) in a hygienic manner","Outcome"
"Water and Sanitation","Sanitation","Percentage of people practising open defecation","Output"
"Water and Sanitation","Sanitation","Percentage of schools with separate improved sanitation for boys and girls","Output"
"Water and Sanitation","Sanitation","Proportion of people using an improved sanitation facility. [Data to be disaggregated for rural, urban / men and women]","Outcome"
